<?xml version="1.0" encoding="UTF-8"?>
<!DOCTYPE mapper PUBLIC "-//mybatis.org//DTD Mapper 3.0//EN" "http://mybatis.org/dtd/mybatis-3-mapper.dtd">
<mapper namespace="org.tangdao.modules.sys.mapper.RoleMapper">

	<sql id="selectColumns">
		t.role_code AS "roleCode",
		t.role_name AS "roleName",
		t.role_sort AS "roleSort",
		t.data_scope AS "dataScope",
		t.status AS "status",
		t.create_by AS "createBy",
		t.create_time AS "createTime",
		t.update_by AS "updateBy",
		t.update_time AS "updateTime",
		t.remarks AS "remarks",
		t.user_type AS "userType"
	</sql>

	<select id="findByUserCode" resultType="org.tangdao.modules.sys.model.domain.Role">
		SELECT 
		<include refid="selectColumns"/>
		FROM sys_role t
		JOIN sys_user_role ur ON t.role_code = ur.role_code
		WHERE t.status = #{STATUS_NORMAL}
			AND ur.user_code = #{userCode}
			ORDER BY t.role_sort ASC
	</select>
	
	<select id="findUserPage" resultType="org.tangdao.modules.sys.model.domain.User">
		select
			t.user_code as "userCode",
			t.username as "username",
			t.nickname as "nickname",
			t.create_time as "createTime",
			t.status as "status"
		from
			sys_user t
		join sys_user_role ur on
			t.user_code = ur.user_code
		where
			ur.role_code = #{role.roleCode}
	</select>
	
	<delete id="deleteRoleMenu">
        DELETE FROM sys_role_menu WHERE role_code = #{roleCode}
	</delete>
	
	<delete id="deleteRoleUser">
        DELETE FROM sys_user_role WHERE role_code = #{roleCode} and user_code = #{userCode}
	</delete>

	<delete id="insertRoleUser">
        INSERT INTO sys_user_role(role_code, user_code)values(#{roleCode}, #{userCode})
	</delete>
	
	<insert id="insertRoleMenu">
        INSERT INTO sys_role_menu(role_code, menu_code)
        <foreach collection="menuCodes" item="menuCode" separator=" union all ">
            SELECT #{roleCode}, #{menuCode} FROM dual
        </foreach>
	</insert>
</mapper>
